{"cameraMode":{"drawMode":0,"name":"Shaded","section":"Shading Mode"},"sceneLighting":true,"audioPlay":false,"sceneViewState":{"showFog":true,"showMaterialUpdate":false,"showSkybox":true,"showFlares":true,"showImageEffects":true,"showParticleSystems":true},"in2DMode":false,"pivot":{"x":17.520145416259767,"y":-4.696159362792969,"z":42.024169921875},"rotation":{"x":0.14229963719844819,"y":0.01960739493370056,"z":-0.0028253516647964718,"w":0.9896430373191834},"size":181.76100158691407,"orthographic":false}